{
  "data": [
    {
      "Year": "2018",
      "genre": "Drama, Romance, Music",
      "id": 1,
      "image": 2131165328,
      "name": "a Star is Born",
      "overview": "Seasoned musician Jackson Maine discovers — and falls in love with — struggling artist Ally. She has just about given up on her dream to make it big as a singer — until Jack coaxes her into the spotlight. But even as Ally's career takes off, the personal side of their relationship is breaking down, as Jack fights an ongoing battle with his own internal demons."
    },
    {
      "Year": "2019",
      "genre": "Action, Science Fiction, Adventure",
      "id": 2,
      "image": 2131165329,
      "name": "alita",
      "overview": "When Alita awakens with no memory of who she is in a future world she does not recognize, she is taken in by Ido, a compassionate doctor who realizes that somewhere in this abandoned cyborg shell is the heart and soul of a young woman with an extraordinary past."
    },
    {
      "Year": "2018",
      "genre": "Action, Adventure, Fantasy",
      "id": 3,
      "image": 2131165330,
      "name": "Aquaman",
      "overview": "Once home to the most advanced civilization on Earth, Atlantis is now an underwater kingdom ruled by the power-hungry King Orm. With a vast army at his disposal, Orm plans to conquer the remaining oceanic people and then the surface world. Standing in his way is Arthur Curry, Orm's half-human, half-Atlantean brother and true heir to the throne."
    },
    {
      "Year": "2018",
      "genre": "Music, Drama",
      "id": 4,
      "image": 2131165332,
      "name": "Bohemian rhapsody",
      "overview": "Singer Freddie Mercury, guitarist Brian May, drummer Roger Taylor and bass guitarist John Deacon take the music world by storm when they form the rock 'n' roll band Queen in 1970. Hit songs become instant classics. When Mercury's increasingly wild lifestyle starts to spiral out of control, Queen soon faces its greatest challenge yet – finding a way to keep the band together amid the success and excess."
    },
    {
      "Year": "2018",
      "genre": "Drama",
      "id": 5,
      "image": 2131165334,
      "name": "creed",
      "overview": "Between personal obligations and training for his next big fight against an opponent with ties to his family's past, Adonis Creed is up against the challenge of his life."
    },
    {
      "Year": "2019",
      "genre": "Thriller, Drama, Science Fiction",
      "id": 6,
      "image": 2131165341,
      "name": "Glass",
      "overview": "In a series of escalating encounters, former security guard David Dunn uses his supernatural abilities to track Kevin Wendell Crumb, a disturbed man who has twenty-four personalities. Meanwhile, the shadowy presence of Elijah Price emerges as an orchestrator who holds secrets critical to both men."
    },
    {
      "Year": "2018",
      "genre": "Adventure, Action, Thriller",
      "id": 7,
      "image": 2131165357,
      "name": "Robin Hood",
      "overview": "A war-hardened Crusader and his Moorish commander mount an audacious revolt against the corrupt English crown"
    },
    {
      "Year": "2019",
      "genre": "Animation, Family, Adventure",
      "id": 8,
      "image": 2131165346,
      "name": "How to Train Your Dragon: The Hidden World (2019)",
      "overview": "As Hiccup fulfills his dream of creating a peaceful dragon utopia, Toothless’ discovery of an untamed, elusive mate draws the Night Fury away. When danger mounts at home and Hiccup’s reign as village chief is tested, both dragon and rider must make impossible decisions to save their kind."
    },
    {
      "Year": "2018",
      "genre": "Adventure, Action, Science Fiction",
      "id": 9,
      "image": 2131165347,
      "name": "Infinity War",
      "overview": "As the Avengers and their allies have continued to protect the world from threats too large for any one hero to handle, a new danger has emerged from the cosmic shadows: Thanos. A despot of intergalactic infamy, his goal is to collect all six Infinity Stones, artifacts of unimaginable power, and use them to inflict his twisted will on all of reality. Everything the Avengers have fought for has led up to this moment - the fate of Earth and existence itself has never been more uncertain."
    },
    {
      "Year": "2018",
      "genre": "Action, Adventure, Animation, Science Fiction, Comedy",
      "id": 10,
      "image": 2131165360,
      "name": "Spider-Man: Into the Spider-Verse ",
      "overview": "Miles Morales is juggling his life between being a high school student and being a spider-man. When Wilson Kingp' Fisk uses a super collider, others from across the Spider-Verse are transported to this dimension."
    },
    {
      "Year": "2018",
      "genre": "Action",
      "id": 11,
      "image": 2131165360,
      "name": "Spider-Man: Into the Spider-Verse ",
      "overview": "Following his defeat by Master Ip, Cheung Tin Chi tries to make a life with his young son in Hong Kong, waiting tables at a bar that caters to expats. But it's not long before the mix of foreigners, money, and triad leaders draw him once again to the fight."
    }
  ]
}
