{
  "page": 1,
  "results": [
    {
      "backdrop_path": "/b0WmHGc8LHTdGCVzxRb3IBMur57.jpg",
      "first_air_date": "2021-03-19",
      "genre_ids": [
        10765,
        10759,
        18,
        10768
      ],
      "id": 88396,
      "name": "The Falcon and the Winter Soldier",
      "origin_country": [
        "US"
      ],
      "original_language": "en",
      "original_name": "The Falcon and the Winter Soldier",
      "overview": "Following the events of “Avengers: Endgame”, the Falcon, Sam Wilson and the Winter Soldier, Bucky Barnes team up in a global adventure that tests their abilities, and their patience.",
      "popularity": 1708.193,
      "poster_path": "/6kbAMLteGO8yyewYau6bJ683sw7.jpg",
      "vote_average": 7.9,
      "vote_count": 5378
    },
    {
      "backdrop_path": "/6UH52Fmau8RPsMAbQbjwN3wJSCj.jpg",
      "first_air_date": "2021-03-26",
      "genre_ids": [
        16,
        10759,
        18,
        10765
      ],
      "id": 95557,
      "name": "Invincible",
      "origin_country": [
        "US"
      ],
      "original_language": "en",
      "original_name": "Invincible",
      "overview": "Mark Grayson is a normal teenager except for the fact that his father is the most powerful superhero on the planet. Shortly after his seventeenth birthday, Mark begins to develop powers of his own and enters into his father’s tutelage.",
      "popularity": 1570.159,
      "poster_path": "/4UEfVAuI4Yn09nzJ16NFR1pv3ac.jpg",
      "vote_average": 8.9,
      "vote_count": 1442
    },
    {
      "backdrop_path": "/z59kJfcElR9eHO9rJbWp4qWMuee.jpg",
      "first_air_date": "2014-10-07",
      "genre_ids": [
        18,
        10765
      ],
      "id": 60735,
      "name": "The Flash",
      "origin_country": [
        "US"
      ],
      "original_language": "en",
      "original_name": "The Flash",
      "overview": "After a particle accelerator causes a freak storm, CSI Investigator Barry Allen is struck by lightning and falls into a coma. Months later he awakens with the power of super speed, granting him the ability to move through Central City like an unseen guardian angel. Though initially excited by his newfound powers, Barry is shocked to discover he is not the only \"meta-human\" who was created in the wake of the accelerator explosion -- and not everyone is using their new powers for good. Barry partners with S.T.A.R. Labs and dedicates his life to protect the innocent. For now, only a few close friends and associates know that Barry is literally the fastest man alive, but it won't be long before the world learns what Barry Allen has become...The Flash.",
      "popularity": 1258.631,
      "poster_path": "/lJA2RCMfsWoskqlQhXPSLFQGXEJ.jpg",
      "vote_average": 7.7,
      "vote_count": 7552
    },
    {
      "backdrop_path": "/zlXPNnnUlyg6KyvvjGd2ZxG6Tnw.jpg",
      "first_air_date": "2017-09-25",
      "genre_ids": [
        18
      ],
      "id": 71712,
      "name": "The Good Doctor",
      "origin_country": [
        "US"
      ],
      "original_language": "en",
      "original_name": "The Good Doctor",
      "overview": "A young surgeon with Savant syndrome is recruited into the surgical unit of a prestigious hospital. The question will arise: can a person who doesn't have the ability to relate to people actually save their lives",
      "popularity": 1150.299,
      "poster_path": "/53P8oHo9cfOsgb1cLxBi4pFY0ja.jpg",
      "vote_average": 8.6,
      "vote_count": 8314
    },
    {
      "backdrop_path": "/Wu8kh7oyvaIfkNyMJyJHCamh5L.jpg",
      "first_air_date": "2020-12-04",
      "genre_ids": [
        18
      ],
      "id": 97180,
      "name": "Selena: The Series",
      "origin_country": [
        "US"
      ],
      "original_language": "en",
      "original_name": "Selena: The Series",
      "overview": "As Mexican-American Tejano singer Selena comes of age and realizes her dreams, she and her family make tough choices to hold on to love and music.",
      "popularity": 1133.112,
      "poster_path": "/mYsWyfiIMxx4HDm0Wck7oJ9ckez.jpg",
      "vote_average": 7.5,
      "vote_count": 1277
    },
    {
      "backdrop_path": "/hNiGqLsiD30C194lci7VYDmciHD.jpg",
      "first_air_date": "2017-04-26",
      "genre_ids": [
        10765,
        18
      ],
      "id": 69478,
      "name": "The Handmaid's Tale",
      "origin_country": [
        "US"
      ],
      "original_language": "en",
      "original_name": "The Handmaid's Tale",
      "overview": "Set in a dystopian future, a woman is forced to live as a concubine under a fundamentalist theocratic dictatorship. A TV adaptation of Margaret Atwood's novel.",
      "popularity": 1010.538,
      "poster_path": "/oIkxqt6ug5zT5ZSUUyc1Iqopf02.jpg",
      "vote_average": 8.2,
      "vote_count": 1311
    },
    {
      "backdrop_path": "/wkyzeBBKLhSg1Oqhky5yoiFF2hG.jpg",
      "first_air_date": "2018-04-22",
      "genre_ids": [
        18
      ],
      "id": 79008,
      "name": "Luis Miguel: The Series",
      "origin_country": [
        "MX"
      ],
      "original_language": "es",
      "original_name": "Luis Miguel: La Serie",
      "overview": "The series dramatizes the life story of Mexican superstar singer Luis Miguel, who has captivated audiences in Latin America and beyond for decades.",
      "popularity": 940.237,
      "poster_path": "/ci8wl0HKOvkMAfGowKeFcpX5cf.jpg",
      "vote_average": 8,
      "vote_count": 384
    },
    {
      "backdrop_path": "/edmk8xjGBsYVIf4QtLY9WMaMcXZ.jpg",
      "first_air_date": "2005-03-27",
      "genre_ids": [
        18
      ],
      "id": 1416,
      "name": "Grey's Anatomy",
      "origin_country": [
        "US"
      ],
      "original_language": "en",
      "original_name": "Grey's Anatomy",
      "overview": "Follows the personal and professional lives of a group of doctors at Seattle’s Grey Sloan Memorial Hospital.",
      "popularity": 927.423,
      "poster_path": "/clnyhPqj1SNgpAdeSS6a6fwE6Bo.jpg",
      "vote_average": 8.2,
      "vote_count": 6003
    },
    {
      "backdrop_path": "/ta5oblpMlEcIPIS2YGcq9XEkWK2.jpg",
      "first_air_date": "2016-01-25",
      "genre_ids": [
        80,
        10765
      ],
      "id": 63174,
      "name": "Lucifer",
      "origin_country": [
        "US"
      ],
      "original_language": "en",
      "original_name": "Lucifer",
      "overview": "Bored and unhappy as the Lord of Hell, Lucifer Morningstar abandoned his throne and retired to Los Angeles, where he has teamed up with LAPD detective Chloe Decker to take down criminals. But the longer he's away from the underworld, the greater the threat that the worst of humanity could escape.",
      "popularity": 740.648,
      "poster_path": "/4EYPN5mVIhKLfxGruy7Dy41dTVn.jpg",
      "vote_average": 8.5,
      "vote_count": 8507
    },
    {
      "backdrop_path": "/qZtAf4Z1lazGQoYVXiHOrvLr5lI.jpg",
      "first_air_date": "2017-01-26",
      "genre_ids": [
        9648,
        18,
        80
      ],
      "id": 69050,
      "name": "Riverdale",
      "origin_country": [
        "US"
      ],
      "original_language": "en",
      "original_name": "Riverdale",
      "overview": "Set in the present, the series offers a bold, subversive take on Archie, Betty, Veronica and their friends, exploring the surreality of small-town life, the darkness and weirdness bubbling beneath Riverdale’s wholesome facade.",
      "popularity": 724.531,
      "poster_path": "/wRbjVBdDo5qHAEOVYoMWpM58FSA.jpg",
      "vote_average": 8.6,
      "vote_count": 11198
    },
    {
      "backdrop_path": "/sjxtIUCWR74yPPcZFfTsToepfWm.jpg",
      "first_air_date": "2021-05-04",
      "genre_ids": [
        10765,
        10759,
        16
      ],
      "id": 105971,
      "name": "Star Wars: The Bad Batch",
      "origin_country": [
        "US"
      ],
      "original_language": "en",
      "original_name": "Star Wars: The Bad Batch",
      "overview": "Follow the elite and experimental Clones of the Bad Batch as they find their way in a rapidly changing galaxy in the aftermath of the Clone Wars.",
      "popularity": 653.407,
      "poster_path": "/WjQmEWFrOf98nT5aEfUfVYz9N2.jpg",
      "vote_average": 9,
      "vote_count": 114
    },
    {
      "backdrop_path": "/5VltHQJXdmbSD6gEJw3R8R1Kbmc.jpg",
      "first_air_date": "2016-09-23",
      "genre_ids": [
        9648,
        10765,
        10759
      ],
      "id": 65820,
      "name": "Van Helsing",
      "origin_country": [
        "US"
      ],
      "original_language": "en",
      "original_name": "Van Helsing",
      "overview": "Vanessa Helsing, the daughter of famous vampire hunter and Dracula nemesis Abraham Van Helsing is resurrected five years in the future to find out that vampires have taken over the world and that she possesses unique power over them. She is humanity’s last hope to lead an offensive to take back what has been lost.",
      "popularity": 584.51,
      "poster_path": "/r8ODGmfNbZQlNhiJl2xQENE2jsk.jpg",
      "vote_average": 6.9,
      "vote_count": 548
    },
    {
      "backdrop_path": "/suopoADq0k8YZr4dQXcU6pToj6s.jpg",
      "first_air_date": "2011-04-17",
      "genre_ids": [
        10765,
        18,
        10759
      ],
      "id": 1399,
      "name": "Game of Thrones",
      "origin_country": [
        "US"
      ],
      "original_language": "en",
      "original_name": "Game of Thrones",
      "overview": "Seven noble families fight for control of the mythical land of Westeros. Friction between the houses leads to full-scale war. All while a very ancient evil awakens in the farthest north. Amidst the war, a neglected military order of misfits, the Night's Watch, is all that stands between the realms of men and icy horrors beyond.",
      "popularity": 577.519,
      "poster_path": "/u3bZgnGQ9T01sWNhyveQz0wH0Hl.jpg",
      "vote_average": 8.4,
      "vote_count": 14285
    },
    {
      "backdrop_path": "/58PON1OrnBiX6CqEHgeWKVwrCn6.jpg",
      "first_air_date": "2015-08-23",
      "genre_ids": [
        10759,
        18
      ],
      "id": 62286,
      "name": "Fear the Walking Dead",
      "origin_country": [
        "US"
      ],
      "original_language": "en",
      "original_name": "Fear the Walking Dead",
      "overview": "What did the world look like as it was transforming into the horrifying apocalypse depicted in \"The Walking Dead\"? This spin-off set in Los Angeles, following new characters as they face the beginning of the end of the world, will answer that question.",
      "popularity": 560.715,
      "poster_path": "/4UjiPdFKJGJYdxwRs2Rzg7EmWqr.jpg",
      "vote_average": 7.6,
      "vote_count": 3486
    },
    {
      "backdrop_path": "/uro2Khv7JxlzXtLb8tCIbRhkb9E.jpg",
      "first_air_date": "2010-10-31",
      "genre_ids": [
        10759,
        18,
        10765
      ],
      "id": 1402,
      "name": "The Walking Dead",
      "origin_country": [
        "US"
      ],
      "original_language": "en",
      "original_name": "The Walking Dead",
      "overview": "Sheriff's deputy Rick Grimes awakens from a coma to find a post-apocalyptic world dominated by flesh-eating zombies. He sets out to find his family and encounters many other survivors along the way.",
      "popularity": 558.932,
      "poster_path": "/rqeYMLryjcawh2JeRpCVUDXYM5b.jpg",
      "vote_average": 8.1,
      "vote_count": 10743
    },
    {
      "backdrop_path": "/1i1N0AVRb54H6ZFPDTwbo9MLxSF.jpg",
      "first_air_date": "2021-01-15",
      "genre_ids": [
        10765,
        9648,
        18
      ],
      "id": 85271,
      "name": "WandaVision",
      "origin_country": [
        "US"
      ],
      "original_language": "en",
      "original_name": "WandaVision",
      "overview": "Wanda Maximoff and Vision—two super-powered beings living idealized suburban lives—begin to suspect that everything is not as it seems.",
      "popularity": 483.05,
      "poster_path": "/glKDfE6btIRcVB5zrjspRIs4r52.jpg",
      "vote_average": 8.4,
      "vote_count": 8386
    },
    {
      "backdrop_path": "/pPKiIJEEcV0E1hpVcWRXyp73ZpX.jpg",
      "first_air_date": "2021-02-23",
      "genre_ids": [
        10759,
        10765,
        18
      ],
      "id": 95057,
      "name": "Superman & Lois",
      "origin_country": [
        "US"
      ],
      "original_language": "en",
      "original_name": "Superman & Lois",
      "overview": "After years of facing megalomaniacal supervillains, monsters wreaking havoc on Metropolis, and alien invaders intent on wiping out the human race, The Man of Steel aka Clark Kent and Lois Lane come face to face with one of their greatest challenges ever: dealing with all the stress, pressures and complexities that come with being working parents in today's society.",
      "popularity": 464.7,
      "poster_path": "/vlv1gn98GqMnKHLSh0dNciqGfBl.jpg",
      "vote_average": 8.3,
      "vote_count": 801
    },
    {
      "backdrop_path": "/fRYwdeNjMqC30EhofPx5PlDpdun.jpg",
      "first_air_date": "2018-10-25",
      "genre_ids": [
        10765,
        18
      ],
      "id": 79460,
      "name": "Legacies",
      "origin_country": [
        "US"
      ],
      "original_language": "en",
      "original_name": "Legacies",
      "overview": "In a place where young witches, vampires, and werewolves are nurtured to be their best selves in spite of their worst impulses, Klaus Mikaelson’s daughter, 17-year-old Hope Mikaelson, Alaric Saltzman’s twins, Lizzie and Josie Saltzman, among others, come of age into heroes and villains at The Salvatore School for the Young and Gifted.",
      "popularity": 444.344,
      "poster_path": "/qTZIgXrBKURBK1KrsT7fe3qwtl9.jpg",
      "vote_average": 8.6,
      "vote_count": 1846
    },
    {
      "backdrop_path": "/pLG4ihU1d2XkQbASQDjsFu9U7d9.jpg",
      "first_air_date": "2021-03-24",
      "genre_ids": [
        18,
        80,
        9648
      ],
      "id": 120168,
      "name": "Who Killed Sara?",
      "origin_country": [
        "MX"
      ],
      "original_language": "es",
      "original_name": "¿Quién mató a Sara?",
      "overview": "Hell-bent on exacting revenge and proving he was framed for his sister's murder, Álex sets out to unearth much more than the crime's real culprit.",
      "popularity": 435.56,
      "poster_path": "/o7uk5ChRt3quPIv8PcvPfzyXdMw.jpg",
      "vote_average": 7.8,
      "vote_count": 472
    },
    {
      "backdrop_path": "/hpU2cHC9tk90hswCFEpf5AtbqoL.jpg",
      "first_air_date": "1989-12-17",
      "genre_ids": [
        10751,
        16,
        35
      ],
      "id": 456,
      "name": "The Simpsons",
      "origin_country": [
        "US"
      ],
      "original_language": "en",
      "original_name": "The Simpsons",
      "overview": "Set in Springfield, the average American town, the show focuses on the antics and everyday adventures of the Simpson family; Homer, Marge, Bart, Lisa and Maggie, as well as a virtual cast of thousands. Since the beginning, the series has been a pop culture icon, attracting hundreds of celebrities to guest star. The show has also made name for itself in its fearless satirical take on politics, media and American life in general.",
      "popularity": 397.533,
      "poster_path": "/2IWouZK4gkgHhJa3oyYuSWfSqbG.jpg",
      "vote_average": 7.8,
      "vote_count": 6499
    }
  ],
  "total_pages": 500,
  "total_results": 10000
}